path,bytes,sha256
legacy-chatpt/experiment/metrics/development-errors.md,1367,132b62eaeb5e4466652b8c13220914dcd845e42614f1212005d45c081de2baf8
legacy-chatpt/experiment/results/master-results.md,1647,5b0785820a8bd43fc3bebd5d7653c61fd2caee5f12e7769798005ce74a129bb0
legacy-chatpt/experiment/results/microservices-baseline.md,814,2937e2f98c84e72390e449fac4c8312ff28204cc37c1d4cfbdec707d75b00a02
legacy-chatpt/experiment/results/microservices-e2e-test-results.txt,1857,fb6181aabf912f68698d5b170ec97bb722ca82a241330a91fefe4de33b9c2661
legacy-chatpt/experiment/results/microservices-lizard.csv,12295,a1b72738caa0b12c71dd492585504cf0d4f4483d25bb5506e5af335a86d0d5e7
legacy-chatpt/experiment/results/monolith-baseline.md,905,b8b6c3b695487587130ed53e9300a1ba2d3ff5713f9216b1bb12c30c85b9941f
legacy-chatpt/experiment/results/monolith-lizard.csv,6313,3991511b08d32bc5f6203d2027c7bfc3c9bf7acee402d524c21e32a1cccc8c8b
legacy-chatpt/experiment/results/monolith-test-results.txt,13002,fcf8e272e8817f2791db00a581e05c80ef5ab8487b1cbc8c1e21f34afed1dfc3
multiagent-experiment/runs/R0003_microservices/FINAL_SUMMARY.json,4925,b41b76b70550d74ccfac7281620423b981ef2ca991b598300e59fa6b0e6ec85c
multiagent-experiment/runs/R0003_microservices/a1_iteration_03/acceptance.json,2678,8f2295f371bf50d1b20706bd715a2411ed97450d2daea45a348be38e4c261011
multiagent-experiment/runs/R0003_monolith/FINAL_SUMMARY.json,4112,bc935047fb5aab34e3ca7dd2005fec8a2da12327c34599cef8ee3fc2c64dd2ca
multiagent-experiment/runs/R0003_monolith/a1_iteration_03/acceptance.json,2669,158b79fd8bc56cc7517b7cb41e23c6d8bb1f9f8ec7f237dfa89182e924861609
multiagent-provider-experiment/protocol/adjudications/RA0003_pair.json,1565,4b41df63d3047795d889185f4d95eab2f2da703ac7903bd3ede88f4db3e14362
multiagent-provider-experiment/runs/RA0003_antigravity_microservices/FINAL_SUMMARY.json,33897,2368acad192651907e040c925acc9e05af1649fc2434b566b5ceeee847841df4
multiagent-provider-experiment/runs/RA0003_antigravity_microservices/a1_iteration_01/acceptance.json,3373,318accd18f87a00100f5f795fbb369e52e933dab9c9c98c8cc535b965f6db622
multiagent-provider-experiment/runs/RA0003_antigravity_microservices/a1_iteration_01/acceptance_failure_evidence/compose_logs_all.txt,1760775,2afcd6c5beac9a3bb7bbfcc298826f86f8ff16ab485b590346aba31acbefc57b
multiagent-provider-experiment/runs/RA0003_antigravity_monolith/FINAL_SUMMARY.json,13544,d8566b3285770b737cddfaf8af480c23212a05112cf636efd4c742e761fe50b2
multiagent-provider-experiment/runs/RC0003_codex_microservices/FINAL_SUMMARY.json,6242,be5d20cffe47e185254572b7b90c181e29a500a31533be6dfe2e6264476e23a7
multiagent-provider-experiment/runs/RC0003_codex_microservices/a1_iteration_01/acceptance.json,2682,42abf64313b487ddf1099f06fc2427973a783d7a7e05f76635d4c10ccf0164db
multiagent-provider-experiment/runs/RC0003_codex_monolith/FINAL_SUMMARY.json,5432,3dae6703a5531c607854d0544bc74c52869f7e75f7a6c6a567b4abd501754e0e
multiagent-provider-experiment/runs/RC0003_codex_monolith/a1_iteration_01/acceptance.json,2670,5f37dc2ef9dd4c10fcfe041be79d1b30b75af4284f27111406df29146257b3df
multiagent-provider-experiment/runs/RH0003_claude_microservices/FINAL_SUMMARY.json,51861,bb72dc390951b432dfcef0f2a6467f3edfce4ce3a371fbbeac83e2624552047b
multiagent-provider-experiment/runs/RH0003_claude_microservices/a1_iteration_01/acceptance.json,2683,df3b4d100b08b884f69bd7cbc3478f8120d0df770e8acdf6a4f0ebff3d42f831
multiagent-provider-experiment/runs/RH0003_claude_microservices/a3/attempt_01/acceptance.json,3320,00688c8d0e45000aa18f208286236054a2a1e0b93196350c884051ba798f7cda
multiagent-provider-experiment/runs/RH0003_claude_microservices/a3/attempt_02/acceptance.json,2684,8ccdae96d6967af0538b35549b268596dfe4968c96fbcd28eb0afea167adaa75
multiagent-provider-experiment/runs/RH0003_claude_microservices/a3/before_after.json,6083,805523423aeb1a024d4075b18164ad911252e6c8a4091fb35511c60618ccff92
multiagent-provider-experiment/runs/RH0003_claude_monolith/FINAL_SUMMARY.json,7233,f5a66c52c1882b1b9dcf768080a63cb8bedbf67b3d9f22f3d25e76beb775b774
multiagent-provider-experiment/runs/RH0003_claude_monolith/a1_iteration_01/acceptance.json,2671,97b567d4f718aaad6020edab4802f49c0476919e5217a8d1156185a5173abcfb
scripts/audit_tcc_results_v2.py,44350,8658af16b1f3dedd6569576df4cf16da45a19be832a6dc876c9b36dd929ff370
