5,1,12,1,6,"ResourceNotFoundException::ResourceNotFoundException@6-11@monolith/financial-monolith/src/main/java/com/juanesteban/tcc/finance/exception/ResourceNotFoundException.java","monolith/financial-monolith/src/main/java/com/juanesteban/tcc/finance/exception/ResourceNotFoundException.java","ResourceNotFoundException::ResourceNotFoundException","ResourceNotFoundException::ResourceNotFoundException( String message)",6,11
16,1,49,1,19,"GlobalExceptionHandler::handleNotFound@18-36@monolith/financial-monolith/src/main/java/com/juanesteban/tcc/finance/exception/GlobalExceptionHandler.java","monolith/financial-monolith/src/main/java/com/juanesteban/tcc/finance/exception/GlobalExceptionHandler.java","GlobalExceptionHandler::handleNotFound","GlobalExceptionHandler::handleNotFound( ResourceNotFoundException ex)",18,36
16,1,46,1,19,"GlobalExceptionHandler::handleBadRequest@42-60@monolith/financial-monolith/src/main/java/com/juanesteban/tcc/finance/exception/GlobalExceptionHandler.java","monolith/financial-monolith/src/main/java/com/juanesteban/tcc/finance/exception/GlobalExceptionHandler.java","GlobalExceptionHandler::handleBadRequest","GlobalExceptionHandler::handleBadRequest( IllegalArgumentException ex)",42,60
16,1,42,1,19,"GlobalExceptionHandler::handleValidation@66-84@monolith/financial-monolith/src/main/java/com/juanesteban/tcc/finance/exception/GlobalExceptionHandler.java","monolith/financial-monolith/src/main/java/com/juanesteban/tcc/finance/exception/GlobalExceptionHandler.java","GlobalExceptionHandler::handleValidation","GlobalExceptionHandler::handleValidation( MethodArgumentNotValidException ex)",66,84
12,1,31,3,15,"PortfolioService::PortfolioService@27-41@monolith/financial-monolith/src/main/java/com/juanesteban/tcc/finance/portfolio/PortfolioService.java","monolith/financial-monolith/src/main/java/com/juanesteban/tcc/finance/portfolio/PortfolioService.java","PortfolioService::PortfolioService","PortfolioService::PortfolioService( UserService userService , TradeRepository tradeRepository , QuoteProvider quoteProvider)",27,41
75,5,273,1,106,"PortfolioService::getPortfolio@45-150@monolith/financial-monolith/src/main/java/com/juanesteban/tcc/finance/portfolio/PortfolioService.java","monolith/financial-monolith/src/main/java/com/juanesteban/tcc/finance/portfolio/PortfolioService.java","PortfolioService::getPortfolio","PortfolioService::getPortfolio( UUID userId)",45,150
12,1,31,3,15,"TradeService::TradeService@25-39@monolith/financial-monolith/src/main/java/com/juanesteban/tcc/finance/trade/TradeService.java","monolith/financial-monolith/src/main/java/com/juanesteban/tcc/finance/trade/TradeService.java","TradeService::TradeService","TradeService::TradeService( TradeRepository tradeRepository , QuoteProvider quoteProvider , UserService userService)",25,39
42,1,160,1,62,"TradeService::buy@43-104@monolith/financial-monolith/src/main/java/com/juanesteban/tcc/finance/trade/TradeService.java","monolith/financial-monolith/src/main/java/com/juanesteban/tcc/finance/trade/TradeService.java","TradeService::buy","TradeService::buy( BuyRequest request)",43,104
55,2,199,1,80,"TradeService::sell@108-187@monolith/financial-monolith/src/main/java/com/juanesteban/tcc/finance/trade/TradeService.java","monolith/financial-monolith/src/main/java/com/juanesteban/tcc/finance/trade/TradeService.java","TradeService::sell","TradeService::sell( SellRequest request)",108,187
32,1,104,1,49,"TradeService::getHistory@191-239@monolith/financial-monolith/src/main/java/com/juanesteban/tcc/finance/trade/TradeService.java","monolith/financial-monolith/src/main/java/com/juanesteban/tcc/finance/trade/TradeService.java","TradeService::getHistory","TradeService::getHistory( UUID userId)",191,239
24,2,70,2,25,"TradeService::calculateOwnedShares@242-266@monolith/financial-monolith/src/main/java/com/juanesteban/tcc/finance/trade/TradeService.java","monolith/financial-monolith/src/main/java/com/juanesteban/tcc/finance/trade/TradeService.java","TradeService::calculateOwnedShares","TradeService::calculateOwnedShares( UUID userId , String symbol)",242,266
6,1,13,1,7,"UserService::UserService@17-23@monolith/financial-monolith/src/main/java/com/juanesteban/tcc/finance/user/UserService.java","monolith/financial-monolith/src/main/java/com/juanesteban/tcc/finance/user/UserService.java","UserService::UserService","UserService::UserService( UserRepository userRepository)",17,23
15,2,42,1,21,"UserService::create@27-47@monolith/financial-monolith/src/main/java/com/juanesteban/tcc/finance/user/UserService.java","monolith/financial-monolith/src/main/java/com/juanesteban/tcc/finance/user/UserService.java","UserService::create","UserService::create( String username)",27,47
13,1,29,1,14,"UserService::getById@51-64@monolith/financial-monolith/src/main/java/com/juanesteban/tcc/finance/user/UserService.java","monolith/financial-monolith/src/main/java/com/juanesteban/tcc/finance/user/UserService.java","UserService::getById","UserService::getById( UUID userId)",51,64
22,2,66,2,30,"UserService::debit@68-97@monolith/financial-monolith/src/main/java/com/juanesteban/tcc/finance/user/UserService.java","monolith/financial-monolith/src/main/java/com/juanesteban/tcc/finance/user/UserService.java","UserService::debit","UserService::debit( UUID userId , BigDecimal amount)",68,97
13,1,42,2,18,"UserService::credit@100-117@monolith/financial-monolith/src/main/java/com/juanesteban/tcc/finance/user/UserService.java","monolith/financial-monolith/src/main/java/com/juanesteban/tcc/finance/user/UserService.java","UserService::credit","UserService::credit( UUID userId , BigDecimal amount)",100,117
23,4,74,1,33,"MockQuoteProvider::getQuote@52-84@monolith/financial-monolith/src/main/java/com/juanesteban/tcc/finance/market/MockQuoteProvider.java","monolith/financial-monolith/src/main/java/com/juanesteban/tcc/finance/market/MockQuoteProvider.java","MockQuoteProvider::getQuote","MockQuoteProvider::getQuote( String symbol)",52,84
6,1,20,1,8,"FinancialMonolithApplication::main@9-16@monolith/financial-monolith/src/main/java/com/juanesteban/tcc/finance/FinancialMonolithApplication.java","monolith/financial-monolith/src/main/java/com/juanesteban/tcc/finance/FinancialMonolithApplication.java","FinancialMonolithApplication::main","FinancialMonolithApplication::main( String [ ] args)",9,16
