18,1,46,1,21,"GlobalExceptionHandler::badRequest@19-39@microservices/trade-service/src/main/java/com/juanesteban/tcc/trade/exception/GlobalExceptionHandler.java","microservices/trade-service/src/main/java/com/juanesteban/tcc/trade/exception/GlobalExceptionHandler.java","GlobalExceptionHandler::badRequest","GlobalExceptionHandler::badRequest( IllegalArgumentException ex)",19,39
18,1,42,1,21,"GlobalExceptionHandler::validation@45-65@microservices/trade-service/src/main/java/com/juanesteban/tcc/trade/exception/GlobalExceptionHandler.java","microservices/trade-service/src/main/java/com/juanesteban/tcc/trade/exception/GlobalExceptionHandler.java","GlobalExceptionHandler::validation","GlobalExceptionHandler::validation( MethodArgumentNotValidException ex)",45,65
28,4,83,1,36,"GlobalExceptionHandler::feign@71-106@microservices/trade-service/src/main/java/com/juanesteban/tcc/trade/exception/GlobalExceptionHandler.java","microservices/trade-service/src/main/java/com/juanesteban/tcc/trade/exception/GlobalExceptionHandler.java","GlobalExceptionHandler::feign","GlobalExceptionHandler::feign( FeignException ex)",71,106
12,1,31,3,15,"PortfolioService::PortfolioService@21-35@microservices/trade-service/src/main/java/com/juanesteban/tcc/trade/portfolio/PortfolioService.java","microservices/trade-service/src/main/java/com/juanesteban/tcc/trade/portfolio/PortfolioService.java","PortfolioService::PortfolioService","PortfolioService::PortfolioService( UserClient userClient , MarketClient marketClient , TradeRepository tradeRepository)",21,35
81,5,268,1,119,"PortfolioService::getPortfolio@38-156@microservices/trade-service/src/main/java/com/juanesteban/tcc/trade/portfolio/PortfolioService.java","microservices/trade-service/src/main/java/com/juanesteban/tcc/trade/portfolio/PortfolioService.java","PortfolioService::getPortfolio","PortfolioService::getPortfolio( UUID userId)",38,156
15,1,40,4,19,"TradeService::TradeService@31-49@microservices/trade-service/src/main/java/com/juanesteban/tcc/trade/trade/TradeService.java","microservices/trade-service/src/main/java/com/juanesteban/tcc/trade/trade/TradeService.java","TradeService::TradeService","TradeService::TradeService( TradeRepository tradeRepository , MarketClient marketClient , UserClient userClient , TradeEventPublisher tradeEventPublisher)",31,49
44,1,130,1,92,"TradeService::buy@57-148@microservices/trade-service/src/main/java/com/juanesteban/tcc/trade/trade/TradeService.java","microservices/trade-service/src/main/java/com/juanesteban/tcc/trade/trade/TradeService.java","TradeService::buy","TradeService::buy( BuyRequest request)",57,148
58,2,169,1,113,"TradeService::sell@156-268@microservices/trade-service/src/main/java/com/juanesteban/tcc/trade/trade/TradeService.java","microservices/trade-service/src/main/java/com/juanesteban/tcc/trade/trade/TradeService.java","TradeService::sell","TradeService::sell( SellRequest request)",156,268
34,1,104,1,54,"TradeService::getHistory@276-329@microservices/trade-service/src/main/java/com/juanesteban/tcc/trade/trade/TradeService.java","microservices/trade-service/src/main/java/com/juanesteban/tcc/trade/trade/TradeService.java","TradeService::getHistory","TradeService::getHistory( UUID userId)",276,329
26,2,70,2,43,"TradeService::calculateOwnedShares@336-378@microservices/trade-service/src/main/java/com/juanesteban/tcc/trade/trade/TradeService.java","microservices/trade-service/src/main/java/com/juanesteban/tcc/trade/trade/TradeService.java","TradeService::calculateOwnedShares","TradeService::calculateOwnedShares( UUID userId , String symbol)",336,378
17,1,64,3,27,"TradeService::response@385-411@microservices/trade-service/src/main/java/com/juanesteban/tcc/trade/trade/TradeService.java","microservices/trade-service/src/main/java/com/juanesteban/tcc/trade/trade/TradeService.java","TradeService::response","TradeService::response( Trade trade , BigDecimal total , BigDecimal cashAfter)",385,411
21,1,72,2,32,"TradeService::publishTradeCompleted@418-449@microservices/trade-service/src/main/java/com/juanesteban/tcc/trade/trade/TradeService.java","microservices/trade-service/src/main/java/com/juanesteban/tcc/trade/trade/TradeService.java","TradeService::publishTradeCompleted","TradeService::publishTradeCompleted( Trade trade , BigDecimal total)",418,449
9,1,22,2,11,"TradeEventPublisher::TradeEventPublisher@17-27@microservices/trade-service/src/main/java/com/juanesteban/tcc/trade/messaging/TradeEventPublisher.java","microservices/trade-service/src/main/java/com/juanesteban/tcc/trade/messaging/TradeEventPublisher.java","TradeEventPublisher::TradeEventPublisher","TradeEventPublisher::TradeEventPublisher( RabbitTemplate rabbitTemplate , ObjectMapper objectMapper)",17,27
24,2,51,1,33,"TradeEventPublisher::publish@30-62@microservices/trade-service/src/main/java/com/juanesteban/tcc/trade/messaging/TradeEventPublisher.java","microservices/trade-service/src/main/java/com/juanesteban/tcc/trade/messaging/TradeEventPublisher.java","TradeEventPublisher::publish","TradeEventPublisher::publish( TradeCompletedEvent event)",30,62
7,1,16,0,8,"RabbitConfiguration::financialExchange@18-25@microservices/trade-service/src/main/java/com/juanesteban/tcc/trade/messaging/RabbitConfiguration.java","microservices/trade-service/src/main/java/com/juanesteban/tcc/trade/messaging/RabbitConfiguration.java","RabbitConfiguration::financialExchange","RabbitConfiguration::financialExchange()",18,25
6,1,20,1,7,"TradeServiceApplication::main@11-17@microservices/trade-service/src/main/java/com/juanesteban/tcc/trade/TradeServiceApplication.java","microservices/trade-service/src/main/java/com/juanesteban/tcc/trade/TradeServiceApplication.java","TradeServiceApplication::main","TradeServiceApplication::main( String [ ] args)",11,17
