5,1,12,1,6,"ResourceNotFoundException::ResourceNotFoundException@6-11@microservices/user-service/src/main/java/com/juanesteban/tcc/user/exception/ResourceNotFoundException.java","microservices/user-service/src/main/java/com/juanesteban/tcc/user/exception/ResourceNotFoundException.java","ResourceNotFoundException::ResourceNotFoundException","ResourceNotFoundException::ResourceNotFoundException( String message)",6,11
20,1,49,1,24,"GlobalExceptionHandler::notFound@19-42@microservices/user-service/src/main/java/com/juanesteban/tcc/user/exception/GlobalExceptionHandler.java","microservices/user-service/src/main/java/com/juanesteban/tcc/user/exception/GlobalExceptionHandler.java","GlobalExceptionHandler::notFound","GlobalExceptionHandler::notFound( ResourceNotFoundException ex)",19,42
18,1,46,1,22,"GlobalExceptionHandler::badRequest@48-69@microservices/user-service/src/main/java/com/juanesteban/tcc/user/exception/GlobalExceptionHandler.java","microservices/user-service/src/main/java/com/juanesteban/tcc/user/exception/GlobalExceptionHandler.java","GlobalExceptionHandler::badRequest","GlobalExceptionHandler::badRequest( IllegalArgumentException ex)",48,69
18,1,42,1,22,"GlobalExceptionHandler::validation@75-96@microservices/user-service/src/main/java/com/juanesteban/tcc/user/exception/GlobalExceptionHandler.java","microservices/user-service/src/main/java/com/juanesteban/tcc/user/exception/GlobalExceptionHandler.java","GlobalExceptionHandler::validation","GlobalExceptionHandler::validation( MethodArgumentNotValidException ex)",75,96
6,1,13,1,7,"UserService::UserService@17-23@microservices/user-service/src/main/java/com/juanesteban/tcc/user/user/UserService.java","microservices/user-service/src/main/java/com/juanesteban/tcc/user/user/UserService.java","UserService::UserService","UserService::UserService( UserRepository userRepository)",17,23
15,2,37,1,19,"UserService::create@27-45@microservices/user-service/src/main/java/com/juanesteban/tcc/user/user/UserService.java","microservices/user-service/src/main/java/com/juanesteban/tcc/user/user/UserService.java","UserService::create","UserService::create( String username)",27,45
13,1,29,1,14,"UserService::getById@49-62@microservices/user-service/src/main/java/com/juanesteban/tcc/user/user/UserService.java","microservices/user-service/src/main/java/com/juanesteban/tcc/user/user/UserService.java","UserService::getById","UserService::getById( UUID userId)",49,62
24,2,66,2,32,"UserService::debit@66-97@microservices/user-service/src/main/java/com/juanesteban/tcc/user/user/UserService.java","microservices/user-service/src/main/java/com/juanesteban/tcc/user/user/UserService.java","UserService::debit","UserService::debit( UUID userId , BigDecimal amount)",66,97
15,1,42,2,20,"UserService::credit@101-120@microservices/user-service/src/main/java/com/juanesteban/tcc/user/user/UserService.java","microservices/user-service/src/main/java/com/juanesteban/tcc/user/user/UserService.java","UserService::credit","UserService::credit( UUID userId , BigDecimal amount)",101,120
7,1,16,0,8,"RabbitConfiguration::financialExchange@25-32@microservices/user-service/src/main/java/com/juanesteban/tcc/user/messaging/RabbitConfiguration.java","microservices/user-service/src/main/java/com/juanesteban/tcc/user/messaging/RabbitConfiguration.java","RabbitConfiguration::financialExchange","RabbitConfiguration::financialExchange()",25,32
6,1,14,0,7,"RabbitConfiguration::tradeAuditQueue@36-42@microservices/user-service/src/main/java/com/juanesteban/tcc/user/messaging/RabbitConfiguration.java","microservices/user-service/src/main/java/com/juanesteban/tcc/user/messaging/RabbitConfiguration.java","RabbitConfiguration::tradeAuditQueue","RabbitConfiguration::tradeAuditQueue()",36,42
15,1,28,2,16,"RabbitConfiguration::tradeAuditBinding@46-61@microservices/user-service/src/main/java/com/juanesteban/tcc/user/messaging/RabbitConfiguration.java","microservices/user-service/src/main/java/com/juanesteban/tcc/user/messaging/RabbitConfiguration.java","RabbitConfiguration::tradeAuditBinding","RabbitConfiguration::tradeAuditBinding( Queue tradeAuditQueue , TopicExchange financialExchange)",46,61
8,1,16,1,9,"TradeEventListener::receive@21-29@microservices/user-service/src/main/java/com/juanesteban/tcc/user/messaging/TradeEventListener.java","microservices/user-service/src/main/java/com/juanesteban/tcc/user/messaging/TradeEventListener.java","TradeEventListener::receive","TradeEventListener::receive( String event)",21,29
6,1,20,1,7,"UserServiceApplication::main@9-15@microservices/user-service/src/main/java/com/juanesteban/tcc/user/UserServiceApplication.java","microservices/user-service/src/main/java/com/juanesteban/tcc/user/UserServiceApplication.java","UserServiceApplication::main","UserServiceApplication::main( String [ ] args)",9,15
