6,1,20,1,7,"DiscoveryServerApplication::main@12-18@microservices/discovery-server/src/main/java/com/juanesteban/tcc/discovery/DiscoveryServerApplication.java","microservices/discovery-server/src/main/java/com/juanesteban/tcc/discovery/DiscoveryServerApplication.java","DiscoveryServerApplication::main","DiscoveryServerApplication::main( String [ ] args)",12,18
8,1,20,1,9,"ApiGatewayApplication::main@9-17@microservices/api-gateway/src/main/java/com/juanesteban/tcc/gateway/ApiGatewayApplication.java","microservices/api-gateway/src/main/java/com/juanesteban/tcc/gateway/ApiGatewayApplication.java","ApiGatewayApplication::main","ApiGatewayApplication::main( String [ ] args)",9,17
5,1,12,1,6,"ResourceNotFoundException::ResourceNotFoundException@6-11@microservices/user-service/src/main/java/com/juanesteban/tcc/user/exception/ResourceNotFoundException.java","microservices/user-service/src/main/java/com/juanesteban/tcc/user/exception/ResourceNotFoundException.java","ResourceNotFoundException::ResourceNotFoundException","ResourceNotFoundException::ResourceNotFoundException( String message)",6,11
20,1,49,1,24,"GlobalExceptionHandler::notFound@19-42@microservices/user-service/src/main/java/com/juanesteban/tcc/user/exception/GlobalExceptionHandler.java","microservices/user-service/src/main/java/com/juanesteban/tcc/user/exception/GlobalExceptionHandler.java","GlobalExceptionHandler::notFound","GlobalExceptionHandler::notFound( ResourceNotFoundException ex)",19,42
18,1,46,1,22,"GlobalExceptionHandler::badRequest@48-69@microservices/user-service/src/main/java/com/juanesteban/tcc/user/exception/GlobalExceptionHandler.java","microservices/user-service/src/main/java/com/juanesteban/tcc/user/exception/GlobalExceptionHandler.java","GlobalExceptionHandler::badRequest","GlobalExceptionHandler::badRequest( IllegalArgumentException ex)",48,69
18,1,42,1,22,"GlobalExceptionHandler::validation@75-96@microservices/user-service/src/main/java/com/juanesteban/tcc/user/exception/GlobalExceptionHandler.java","microservices/user-service/src/main/java/com/juanesteban/tcc/user/exception/GlobalExceptionHandler.java","GlobalExceptionHandler::validation","GlobalExceptionHandler::validation( MethodArgumentNotValidException ex)",75,96
6,1,13,1,7,"UserService::UserService@17-23@microservices/user-service/src/main/java/com/juanesteban/tcc/user/user/UserService.java","microservices/user-service/src/main/java/com/juanesteban/tcc/user/user/UserService.java","UserService::UserService","UserService::UserService( UserRepository userRepository)",17,23
15,2,37,1,19,"UserService::create@27-45@microservices/user-service/src/main/java/com/juanesteban/tcc/user/user/UserService.java","microservices/user-service/src/main/java/com/juanesteban/tcc/user/user/UserService.java","UserService::create","UserService::create( String username)",27,45
13,1,29,1,14,"UserService::getById@49-62@microservices/user-service/src/main/java/com/juanesteban/tcc/user/user/UserService.java","microservices/user-service/src/main/java/com/juanesteban/tcc/user/user/UserService.java","UserService::getById","UserService::getById( UUID userId)",49,62
24,2,66,2,32,"UserService::debit@66-97@microservices/user-service/src/main/java/com/juanesteban/tcc/user/user/UserService.java","microservices/user-service/src/main/java/com/juanesteban/tcc/user/user/UserService.java","UserService::debit","UserService::debit( UUID userId , BigDecimal amount)",66,97
15,1,42,2,20,"UserService::credit@101-120@microservices/user-service/src/main/java/com/juanesteban/tcc/user/user/UserService.java","microservices/user-service/src/main/java/com/juanesteban/tcc/user/user/UserService.java","UserService::credit","UserService::credit( UUID userId , BigDecimal amount)",101,120
7,1,16,0,8,"RabbitConfiguration::financialExchange@25-32@microservices/user-service/src/main/java/com/juanesteban/tcc/user/messaging/RabbitConfiguration.java","microservices/user-service/src/main/java/com/juanesteban/tcc/user/messaging/RabbitConfiguration.java","RabbitConfiguration::financialExchange","RabbitConfiguration::financialExchange()",25,32
6,1,14,0,7,"RabbitConfiguration::tradeAuditQueue@36-42@microservices/user-service/src/main/java/com/juanesteban/tcc/user/messaging/RabbitConfiguration.java","microservices/user-service/src/main/java/com/juanesteban/tcc/user/messaging/RabbitConfiguration.java","RabbitConfiguration::tradeAuditQueue","RabbitConfiguration::tradeAuditQueue()",36,42
15,1,28,2,16,"RabbitConfiguration::tradeAuditBinding@46-61@microservices/user-service/src/main/java/com/juanesteban/tcc/user/messaging/RabbitConfiguration.java","microservices/user-service/src/main/java/com/juanesteban/tcc/user/messaging/RabbitConfiguration.java","RabbitConfiguration::tradeAuditBinding","RabbitConfiguration::tradeAuditBinding( Queue tradeAuditQueue , TopicExchange financialExchange)",46,61
8,1,16,1,9,"TradeEventListener::receive@21-29@microservices/user-service/src/main/java/com/juanesteban/tcc/user/messaging/TradeEventListener.java","microservices/user-service/src/main/java/com/juanesteban/tcc/user/messaging/TradeEventListener.java","TradeEventListener::receive","TradeEventListener::receive( String event)",21,29
6,1,20,1,7,"UserServiceApplication::main@9-15@microservices/user-service/src/main/java/com/juanesteban/tcc/user/UserServiceApplication.java","microservices/user-service/src/main/java/com/juanesteban/tcc/user/UserServiceApplication.java","UserServiceApplication::main","UserServiceApplication::main( String [ ] args)",9,15
18,1,46,1,21,"GlobalExceptionHandler::badRequest@15-35@microservices/market-service/src/main/java/com/juanesteban/tcc/market/exception/GlobalExceptionHandler.java","microservices/market-service/src/main/java/com/juanesteban/tcc/market/exception/GlobalExceptionHandler.java","GlobalExceptionHandler::badRequest","GlobalExceptionHandler::badRequest( IllegalArgumentException ex)",15,35
29,4,74,1,40,"MockQuoteProvider::getQuote@55-94@microservices/market-service/src/main/java/com/juanesteban/tcc/market/quote/MockQuoteProvider.java","microservices/market-service/src/main/java/com/juanesteban/tcc/market/quote/MockQuoteProvider.java","MockQuoteProvider::getQuote","MockQuoteProvider::getQuote( String symbol)",55,94
8,1,20,1,9,"MarketServiceApplication::main@9-17@microservices/market-service/src/main/java/com/juanesteban/tcc/market/MarketServiceApplication.java","microservices/market-service/src/main/java/com/juanesteban/tcc/market/MarketServiceApplication.java","MarketServiceApplication::main","MarketServiceApplication::main( String [ ] args)",9,17
18,1,46,1,21,"GlobalExceptionHandler::badRequest@19-39@microservices/trade-service/src/main/java/com/juanesteban/tcc/trade/exception/GlobalExceptionHandler.java","microservices/trade-service/src/main/java/com/juanesteban/tcc/trade/exception/GlobalExceptionHandler.java","GlobalExceptionHandler::badRequest","GlobalExceptionHandler::badRequest( IllegalArgumentException ex)",19,39
18,1,42,1,21,"GlobalExceptionHandler::validation@45-65@microservices/trade-service/src/main/java/com/juanesteban/tcc/trade/exception/GlobalExceptionHandler.java","microservices/trade-service/src/main/java/com/juanesteban/tcc/trade/exception/GlobalExceptionHandler.java","GlobalExceptionHandler::validation","GlobalExceptionHandler::validation( MethodArgumentNotValidException ex)",45,65
28,4,83,1,36,"GlobalExceptionHandler::feign@71-106@microservices/trade-service/src/main/java/com/juanesteban/tcc/trade/exception/GlobalExceptionHandler.java","microservices/trade-service/src/main/java/com/juanesteban/tcc/trade/exception/GlobalExceptionHandler.java","GlobalExceptionHandler::feign","GlobalExceptionHandler::feign( FeignException ex)",71,106
12,1,31,3,15,"PortfolioService::PortfolioService@21-35@microservices/trade-service/src/main/java/com/juanesteban/tcc/trade/portfolio/PortfolioService.java","microservices/trade-service/src/main/java/com/juanesteban/tcc/trade/portfolio/PortfolioService.java","PortfolioService::PortfolioService","PortfolioService::PortfolioService( UserClient userClient , MarketClient marketClient , TradeRepository tradeRepository)",21,35
81,5,268,1,119,"PortfolioService::getPortfolio@38-156@microservices/trade-service/src/main/java/com/juanesteban/tcc/trade/portfolio/PortfolioService.java","microservices/trade-service/src/main/java/com/juanesteban/tcc/trade/portfolio/PortfolioService.java","PortfolioService::getPortfolio","PortfolioService::getPortfolio( UUID userId)",38,156
15,1,40,4,19,"TradeService::TradeService@31-49@microservices/trade-service/src/main/java/com/juanesteban/tcc/trade/trade/TradeService.java","microservices/trade-service/src/main/java/com/juanesteban/tcc/trade/trade/TradeService.java","TradeService::TradeService","TradeService::TradeService( TradeRepository tradeRepository , MarketClient marketClient , UserClient userClient , TradeEventPublisher tradeEventPublisher)",31,49
44,1,130,1,92,"TradeService::buy@57-148@microservices/trade-service/src/main/java/com/juanesteban/tcc/trade/trade/TradeService.java","microservices/trade-service/src/main/java/com/juanesteban/tcc/trade/trade/TradeService.java","TradeService::buy","TradeService::buy( BuyRequest request)",57,148
58,2,169,1,113,"TradeService::sell@156-268@microservices/trade-service/src/main/java/com/juanesteban/tcc/trade/trade/TradeService.java","microservices/trade-service/src/main/java/com/juanesteban/tcc/trade/trade/TradeService.java","TradeService::sell","TradeService::sell( SellRequest request)",156,268
34,1,104,1,54,"TradeService::getHistory@276-329@microservices/trade-service/src/main/java/com/juanesteban/tcc/trade/trade/TradeService.java","microservices/trade-service/src/main/java/com/juanesteban/tcc/trade/trade/TradeService.java","TradeService::getHistory","TradeService::getHistory( UUID userId)",276,329
26,2,70,2,43,"TradeService::calculateOwnedShares@336-378@microservices/trade-service/src/main/java/com/juanesteban/tcc/trade/trade/TradeService.java","microservices/trade-service/src/main/java/com/juanesteban/tcc/trade/trade/TradeService.java","TradeService::calculateOwnedShares","TradeService::calculateOwnedShares( UUID userId , String symbol)",336,378
17,1,64,3,27,"TradeService::response@385-411@microservices/trade-service/src/main/java/com/juanesteban/tcc/trade/trade/TradeService.java","microservices/trade-service/src/main/java/com/juanesteban/tcc/trade/trade/TradeService.java","TradeService::response","TradeService::response( Trade trade , BigDecimal total , BigDecimal cashAfter)",385,411
21,1,72,2,32,"TradeService::publishTradeCompleted@418-449@microservices/trade-service/src/main/java/com/juanesteban/tcc/trade/trade/TradeService.java","microservices/trade-service/src/main/java/com/juanesteban/tcc/trade/trade/TradeService.java","TradeService::publishTradeCompleted","TradeService::publishTradeCompleted( Trade trade , BigDecimal total)",418,449
9,1,22,2,11,"TradeEventPublisher::TradeEventPublisher@17-27@microservices/trade-service/src/main/java/com/juanesteban/tcc/trade/messaging/TradeEventPublisher.java","microservices/trade-service/src/main/java/com/juanesteban/tcc/trade/messaging/TradeEventPublisher.java","TradeEventPublisher::TradeEventPublisher","TradeEventPublisher::TradeEventPublisher( RabbitTemplate rabbitTemplate , ObjectMapper objectMapper)",17,27
24,2,51,1,33,"TradeEventPublisher::publish@30-62@microservices/trade-service/src/main/java/com/juanesteban/tcc/trade/messaging/TradeEventPublisher.java","microservices/trade-service/src/main/java/com/juanesteban/tcc/trade/messaging/TradeEventPublisher.java","TradeEventPublisher::publish","TradeEventPublisher::publish( TradeCompletedEvent event)",30,62
7,1,16,0,8,"RabbitConfiguration::financialExchange@18-25@microservices/trade-service/src/main/java/com/juanesteban/tcc/trade/messaging/RabbitConfiguration.java","microservices/trade-service/src/main/java/com/juanesteban/tcc/trade/messaging/RabbitConfiguration.java","RabbitConfiguration::financialExchange","RabbitConfiguration::financialExchange()",18,25
6,1,20,1,7,"TradeServiceApplication::main@11-17@microservices/trade-service/src/main/java/com/juanesteban/tcc/trade/TradeServiceApplication.java","microservices/trade-service/src/main/java/com/juanesteban/tcc/trade/TradeServiceApplication.java","TradeServiceApplication::main","TradeServiceApplication::main( String [ ] args)",11,17
